book_id,book_Name,Author_name
101,10-Day Green Smoothie Cleanse,JJ Smith
101,11/22/63: A Novel,Stephen King
101,12 Rules for Life: An Antidote to Chaos,Jordan B. Peterson
101,1984 (Signet Classics),George Orwell
101,A Dance with Dragons (A Song of Ice and Fire),George R. R. Martin
101,A Game of Thrones / A Clash of Kings / A Storm of Swords / A Feast of Crows / A Dance with Dragons,George R. R. Martin
101,A Gentleman in Moscow: A Novel,Amor Towles
101,A Patriot's History of the United States: From Columbus's Great Discovery to the War on Terror,Larry Schweikart
101,A Stolen Life: A Memoir,Jaycee Dugard
101,A Wrinkle in Time (Time Quintet),Madeleine L'Engle
101,Adult Coloring Book: Stress Relieving Animal Designs,Blue Star Coloring
101,Adult Coloring Book: Stress Relieving Patterns,Blue Star Coloring
101,Alexander Hamilton,Ron Chernow
101,Allegiant,Veronica Roth
101,American Sniper: The Autobiography of the Most Lethal Sniper in U.S. Military History,Chris Kyle
101,And the Mountains Echoed,Khaled Hosseini
101,Arguing with Idiots: How to Stop Small Minds and Big Government,Glenn Beck
101,Astrophysics for People in a Hurry,Neil deGrasse Tyson
101,Baby Touch and Feel: Animals,DK
101,Balance (Angie's Extreme Stress Menders),Angie Grace
101,Barefoot Contessa Foolproof: Recipes You Can Trust: A Cookbook,Ina Garten
101,Being Mortal: Medicine and What Matters in the End,Atul Gawande
101,Born to Run,Bruce Springsteen
101,Calm the F*ck Down: An Irreverent Adult Coloring Book (Irreverent Book Series),Sasha O'Hara
101,Can't Hurt Me: Master Your Mind and Defy the Odds,David Goggins
101,Capital in the Twenty First Century,Thomas Piketty
101,Cravings: Recipes for All the Food You Want to Eat: A Cookbook,Chrissy Teigen
101,Crazy Rich Asians (Crazy Rich Asians Trilogy),Kevin Kwan
101,Creative Haven Creative Cats Coloring Book (Adult Coloring),Marjorie Sarnat
101,Creative Haven Owls Coloring Book (Adult Coloring),Marjorie Sarnat
101,Dead And Gone: A Sookie Stackhouse Novel (Sookie Stackhouse/True Blood),Charlaine Harris
101,Decision Points,George W. Bush
101,Diary of a Wimpy Kid: The Last Straw (Book 3),Jeff Kinney
101,Diary of a Wimpy Kid: The Long Haul,Jeff Kinney
101,Difficult Riddles For Smart Kids: 300 Difficult Riddles And Brain Teasers Families Will Love (Books for Smart Kids),M Prefontaine
101,Divergent / Insurgent,Veronica Roth
101,Doctor Sleep: A Novel,Stephen King
101,Dog Man and Cat Kid: From the Creator of Captain Underpants (Dog Man #4),Dav Pilkey
101,Dog Man: A Tale of Two Kitties: From the Creator of Captain Underpants (Dog Man #3),Dav Pilkey
101,Dog Man: Fetch-22: From the Creator of Captain Underpants (Dog Man #8),Dav Pilkey
101,Dog Man: For Whom the Ball Rolls: From the Creator of Captain Underpants (Dog Man #7),Dav Pilkey
101,Dog Man: Lord of the Fleas: From the Creator of Captain Underpants (Dog Man #5),Dav Pilkey
101,Double Down (Diary of a Wimpy Kid #11),Jeff Kinney
101,Dover Creative Haven Art Nouveau Animal Designs Coloring Book (Creative Haven Coloring Books),Marty Noble
101,Drive: The Surprising Truth About What Motivates Us,Daniel H. Pink
101,Eat This Not That! Supermarket Survival Guide: The No-Diet Weight Loss Solution,David Zinczenko
101,Eclipse (Twilight Sagas),Stephenie Meyer
101,Eclipse (Twilight),Stephenie Meyer
101,Fantastic Beasts and Where to Find Them: The Original Screenplay (Harry Potter),J.K. Rowling
101,Fear: Trump in the White House,Bob Woodward
101,Fifty Shades Darker,E L James
101,Fifty Shades Freed: Book Three of the Fifty Shades Trilogy (Fifty Shades of Grey Series) (English Edition),E L James
101,Fifty Shades Trilogy (Fifty Shades of Grey / Fifty Shades Darker / Fifty Shades Freed),E L James
101,Fire and Fury: Inside the Trump White House,Michael Wolff
101,Food Rules: An Eater's Manual,Michael Pollan
101,Frozen (Little Golden Book),RH Disney
101,George Washington's Sacred Fire,Peter A. Lillback
101,George Washington's Secret Six: The Spy Ring That Saved the American Revolution,Brian Kilmeade
101,Go Set a Watchman: A Novel,Harper Lee
101,Go the F**k to Sleep,Adam Mansbach
101,Going Rogue: An American Life,Sarah Palin
101,Good Days Start With Gratitude: A 52 Week Guide To Cultivate An Attitude Of Gratitude: Gratitude Journal,Pretty Simple Press
101,Grey: Fifty Shades of Grey as Told by Christian (Fifty Shades of Grey Series),E L James
101,Guts,Raina Telgemeier
101,Hamilton: The Revolution,Lin-Manuel Miranda
101,Harry Potter Coloring Book,Scholastic
101,Harry Potter Paperback Box Set (Books 1-7),J. K. Rowling
101,Have a Little Faith: A True Story,Mitch Albom
101,Homebody: A Guide to Creating Spaces You Never Want to Leave,Joanna Gaines
101,Howard Stern Comes Again,Howard Stern
101,Humans of New York : Stories,Brandon Stanton
101,If I Stay,Gayle Forman
101,Inferno,Dan Brown
101,Inheritance: Book IV (Inheritance Cycle),Christopher Paolini
101,It's Not Supposed to Be This Way: Finding Unexpected Strength When Disappointments Leave You Shattered,Lysa TerKeurst
101,JOURNEY TO THE ICE P,RH Disney
101,Joyland (Hard Case Crime),Stephen King
101,Killers of the Flower Moon: The Osage Murders and the Birth of the FBI,David Grann
101,Killing Jesus (Bill O'Reilly's Killing Series),Bill O'Reilly
101,Killing Kennedy: The End of Camelot,Bill O'Reilly
101,Killing Patton: The Strange Death of World War II's Most Audacious General (Bill O'Reilly's Killing Series),Bill O'Reilly
101,Killing Reagan: The Violent Assault That Changed a Presidency (Bill O'Reilly's Killing Series),Bill O'Reilly
101,Killing the Rising Sun: How America Vanquished World War II Japan (Bill O'Reilly's Killing Series),Bill O'Reilly
101,Kitchen Confidential Updated Edition: Adventures in the Culinary Underbelly (P.S.),Anthony Bourdain
101,Leonardo da Vinci,Walter Isaacson
101,Lettering and Modern Calligraphy: A Beginner's Guide: Learn Hand Lettering and Brush Lettering,Paper Peony Press
101,Liberty and Tyranny: A Conservative Manifesto,Mark R. Levin
101,Life,Keith Richards
101,Little Bee: A Novel,Chris Cleave
101,Little Blue Truck,Alice Schertle
101,Little Fires Everywhere,Celeste Ng
101,Looking for Alaska,John Green
101,Magnolia Table: A Collection of Recipes for Gathering,Joanna Gaines
101,Make It Ahead: A Barefoot Contessa Cookbook,Ina Garten
101,Make Your Bed: Little Things That Can Change Your Life...And Maybe the World,Admiral William H. McRaven
101,Milk and Vine: Inspirational Quotes From Classic Vines,Adam Gasiewski
101,National Geographic Little Kids First Big Book of Why (National Geographic Little Kids First Big Books),Amy Shields
101,New Moon (The Twilight Saga),Stephenie Meyer
101,Night (Night),Elie Wiesel
101,No Easy Day: The Autobiography of a Navy Seal: The Firsthand Account of the Mission That Killed Osama Bin Laden,Mark Owen
101,Obama: An Intimate Portrait,Pete Souza
101,Old School (Diary of a Wimpy Kid #10),Jeff Kinney
101,Olive Kitteridge,Elizabeth Strout
101,Origin: A Novel (Robert Langdon),Dan Brown
101,Orphan Train,Christina Baker Kline
101,Percy Jackson and the Olympians Paperback Boxed Set (Books 1-3),Rick Riordan
101,Pokémon Deluxe Essential Handbook: The Need-to-Know Stats and Facts on Over 700 Pokémon,Scholastic
101,Puppy Birthday to You! (Paw Patrol) (Little Golden Book),Golden Books
101,Rush Revere and the Brave Pilgrims: Time-Travel Adventures with Exceptional Americans (1),Rush Limbaugh
101,Rush Revere and the First Patriots: Time-Travel Adventures With Exceptional Americans (2),Rush Limbaugh
101,Sarah's Key,Tatiana de Rosnay
101,Sh*t My Dad Says,Justin Halpern
101,Ship of Fools: How a Selfish Ruling Class Is Bringing America to the Brink of Revolution,Tucker Carlson
101,Shred: The Revolutionary Diet: 6 Weeks 4 Inches 2 Sizes,Ian K. Smith M.D.
101,Sookie Stackhouse,Charlaine Harris
101,Strange Planet (Strange Planet Series),Nathan W. Pyle
101,Switch: How to Change Things When Change Is Hard,Chip Heath
101,Sycamore Row (Jake Brigance),John Grisham
101,The 17 Day Diet: A Doctor's Plan Designed for Rapid Results,Mike Moreno
101,The 5000 Year Leap,W. Cleon Skousen
101,The Alchemist,Paulo Coelho
101,The Amateur,Edward Klein
101,The Big Short: Inside the Doomsday Machine,Michael Lewis
101,The Blood of Olympus (The Heroes of Olympus (5)),Rick Riordan
101,The Book of Basketball: The NBA According to The Sports Guy,Bill Simmons
101,The Casual Vacancy,J.K. Rowling
101,The China Study: The Most Comprehensive Study of Nutrition Ever Conducted And the Startling Implications for Diet…,Thomas Campbell
101,The Confession: A Novel,John Grisham
101,The Constitution of the United States,Delegates of the Constitutional
101,The Daily Show with Jon Stewart Presents Earth (The Book): A Visitor's Guide to the Human Race,Jon Stewart
101,The Elegance of the Hedgehog,Muriel Barbery
101,The Five Love Languages: How to Express Heartfelt Commitment to Your Mate,Gary Chapman
101,The Getaway,Jeff Kinney
101,The Girl Who Played with Fire (Millennium Series),Stieg Larsson
101,The Girl Who Played with Fire (Millennium),Stieg Larsson
101,The Guardians: A Novel,John Grisham
101,The Guernsey Literary and Potato Peel Pie Society,Mary Ann Shaffer
101,The Handmaid's Tale,Margaret Atwood
101,The Harbinger: The Ancient Mystery that Holds the Secret of America's Future,Jonathan Cahn
101,The Hate U Give,Angie Thomas
101,The Hunger Games,Suzanne Collins
101,The Last Lecture,Randy Pausch
101,The Legend of Zelda: Hyrule Historia,Patrick Thorpe
101,The Litigators,John Grisham
101,The Lost Symbol,Dan Brown
101,The Love Dare,Stephen Kendrick
101,The Magnolia Story,Chip Gaines
101,The Martian,Andy Weir
101,The Maze Runner (Book 1),James Dashner
101,The Meltdown (Diary of a Wimpy Kid Book 13),Jeff Kinney
101,The Mueller Report,The Washington Post
101,The Paris Wife: A Novel,Paula McLain
101,The Pioneer Woman Cooks: Food from My Frontier,Ree Drummond
"101,The Plant Paradox: The Hidden Dangers in ""Healthy"" Foods That Cause Disease and Weight Gain,Dr. Steven R Gundry MD"
101,The Power of Habit: Why We Do What We Do in Life and Business,Charles Duhigg
101,The President Is Missing: A Novel,James Patterson
101,The Racketeer,John Grisham
101,The Short Second Life of Bree Tanner: An Eclipse Novella (The Twilight Saga),Stephenie Meyer
101,The Silent Patient,Alex Michaelides
101,The Sun and Her Flowers,Rupi Kaur
101,The Time Traveler's Wife,Audrey Niffenegger
101,The Tipping Point: How Little Things Can Make a Big Difference,Malcolm Gladwell
101,The Total Money Makeover: Classic Edition: A Proven Plan for Financial Fitness,Dave Ramsey
101,The Twilight Saga Collection,Stephenie Meyer
101,The Unofficial Harry Potter Cookbook: From Cauldron Cakes to Knickerbocker Glory--More Than 150 Magical Recipes for…,Dinah Bucholz
101,The Wright Brothers,David McCullough
101,Thirteen Reasons Why,Jay Asher
101,Thomas Jefferson: The Art of Power,Jon Meacham
101,Tina Fey: Bossypants,Tina Fey
101,True Compass: A Memoir,Edward M. Kennedy
101,Ultimate Sticker Book: Frozen: More Than 60 Reusable Full-Color Stickers,DK
101,Under the Dome: A Novel,Stephen King
101,Unfreedom of the Press,Mark R. Levin
101,Unicorn Coloring Book: For Kids Ages 4-8 (US Edition) (Silly Bear Coloring Books),Silly Bear
101,Watchmen,Alan Moore
101,Water for Elephants: A Novel,Sara Gruen
101,What Happened,Hillary Rodham Clinton
101,What If?: Serious Scientific Answers to Absurd Hypothetical Questions,Randall Munroe
101,What Pet Should I Get? (Classic Seuss),Dr. Seuss
101,What Should Danny Do? (The Power to Choose Series),Adir Levy
101,What to Expect When You're Expecting,Heidi Murkoff
101,When Breath Becomes Air,Paul Kalanithi
101,Where the Crawdads Sing,Delia Owens
101,Where the Wild Things Are,Maurice Sendak
101,Whose Boat Is This Boat?: Comments That Don't Help in the Aftermath of a Hurricane,The Staff of The Late Show with
101,Wild: From Lost to Found on the Pacific Crest Trail,Cheryl Strayed
101,Winter of the World: Book Two of the Century Trilogy,Ken Follett
101,Women Food and God: An Unexpected Path to Almost Everything,Geneen Roth
101,Wrecking Ball (Diary of a Wimpy Kid Book 14),Jeff Kinney
